{
  "D0": {
    "n0": {
      "Lambda_b0": [
        0.0008, 
        4.67983
      ]
    }
  }, 
  "K*bar0": {
    "p+": {
      "Lambda_c+": [
        0.04, 
        1.3481899999999998
      ]
    }
  }, 
  "K-": {
    "p+": {
      "Lambda(1520)0": [
        0.23, 
        0.58123
      ], 
      "Lambda(1600)0": [
        0.176, 
        0.66173
      ], 
      "Lambda(1670)0": [
        0.1, 
        0.7317299999999999
      ], 
      "Lambda_b0": [
        1.85e-05, 
        4.68113
      ]
    }
  }, 
  "K0": {
    "p+": {
      "Lambda_c+": [
        0.023, 
        1.3481899999999998
      ]
    }
  }, 
  "Kbar0": {
    "n0": {
      "Lambda(1520)0": [
        0.23, 
        0.5799300000000001
      ], 
      "Lambda(1600)0": [
        0.176, 
        0.6604300000000001
      ], 
      "Lambda(1670)0": [
        0.1, 
        0.7304299999999999
      ]
    }
  }, 
  "e+": {
    "n0": {
      "Lambda_c+": [
        0.006, 
        1.34689
      ]
    }, 
    "p+": {
      "Lambda_c+": [
        0.006, 
        1.3481899999999998
      ]
    }
  }, 
  "e-": {
    "n0": {
      "Sigma-": [
        0.001017, 
        0.2578799999999999
      ]
    }, 
    "p+": {
      "Lambda0": [
        0.000832, 
        0.17740999999999996
      ], 
      "n0": [
        1.0, 
        0.0012999999999999678
      ]
    }
  }, 
  "eta": {
    "p+": {
      "Lambda_c+": [
        0.001, 
        1.3481899999999998
      ]
    }
  }, 
  "eta'": {
    "p+": {
      "Lambda_c+": [
        0.001, 
        1.3481899999999998
      ]
    }
  }, 
  "f_0(980)": {
    "p+": {
      "Lambda_c+": [
        0.0018, 
        1.3481899999999998
      ]
    }
  }, 
  "gamma": {
    "n0": {
      "Delta0": [
        0.0056, 
        0.29242999999999997
      ], 
      "Lambda0": [
        0.00175, 
        0.17611
      ]
    }, 
    "p+": {
      "Delta+": [
        0.0056, 
        0.29372999999999994
      ], 
      "Sigma+": [
        0.00123, 
        0.2511
      ]
    }
  }, 
  "mu+": {
    "n0": {
      "Lambda_c+": [
        0.006, 
        1.34689
      ]
    }, 
    "p+": {
      "Lambda_c+": [
        0.006, 
        1.3481899999999998
      ]
    }
  }, 
  "mu-": {
    "n0": {
      "Sigma-": [
        0.00045, 
        0.2578799999999999
      ]
    }, 
    "p+": {
      "Lambda0": [
        0.000157, 
        0.17740999999999996
      ]
    }
  }, 
  "n0": {
    "n0": {
      "Delta+": [
        0.3314, 
        0.29242999999999997
      ], 
      "Delta-": [
        1.0, 
        0.29242999999999997
      ], 
      "Delta0": [
        0.0056, 
        0.29242999999999997
      ], 
      "Lambda(1520)0": [
        0.23, 
        0.5799300000000001
      ], 
      "Lambda(1600)0": [
        0.176, 
        0.6604300000000001
      ], 
      "Lambda(1670)0": [
        0.1, 
        0.7304299999999999
      ], 
      "Lambda0": [
        0.00175, 
        0.17611
      ], 
      "Lambda_b0": [
        0.0008, 
        4.67983
      ], 
      "Lambda_c+": [
        0.003, 
        1.34689
      ], 
      "Sigma+": [
        0.48308, 
        0.24980000000000002
      ], 
      "Sigma-": [
        0.00045, 
        0.2578799999999999
      ]
    }
  }, 
  "nu_e": {
    "n0": {
      "Lambda_c+": [
        0.006, 
        1.34689
      ]
    }, 
    "p+": {
      "Lambda_c+": [
        0.006, 
        1.3481899999999998
      ]
    }
  }, 
  "nu_ebar": {
    "n0": {
      "Sigma-": [
        0.001017, 
        0.2578799999999999
      ]
    }, 
    "p+": {
      "Lambda0": [
        0.000832, 
        0.17740999999999996
      ], 
      "n0": [
        1.0, 
        0.0012999999999999678
      ]
    }
  }, 
  "nu_mu": {
    "n0": {
      "Lambda_c+": [
        0.006, 
        1.34689
      ]
    }, 
    "p+": {
      "Lambda_c+": [
        0.006, 
        1.3481899999999998
      ]
    }
  }, 
  "nu_mubar": {
    "n0": {
      "Sigma-": [
        0.00045, 
        0.2578799999999999
      ]
    }, 
    "p+": {
      "Lambda0": [
        0.000157, 
        0.17740999999999996
      ]
    }
  }, 
  "omega": {
    "p+": {
      "Lambda_c+": [
        0.002, 
        1.3481899999999998
      ]
    }
  }, 
  "p+": {
    "p+": {
      "B0": [
        1e-07, 
        4.34131
      ], 
      "Bbar0": [
        1e-07, 
        4.34131
      ], 
      "Delta+": [
        0.0056, 
        0.29372999999999994
      ], 
      "Delta++": [
        1.0, 
        0.29372999999999994
      ], 
      "Delta0": [
        0.3314, 
        0.29372999999999994
      ], 
      "Lambda(1520)0": [
        0.23, 
        0.58123
      ], 
      "Lambda(1600)0": [
        0.176, 
        0.66173
      ], 
      "Lambda(1670)0": [
        0.1, 
        0.7317299999999999
      ], 
      "Lambda0": [
        0.000157, 
        0.17740999999999996
      ], 
      "Lambda_b0": [
        1.85e-05, 
        4.68113
      ], 
      "Lambda_c+": [
        0.0018, 
        1.3481899999999998
      ], 
      "Sigma+": [
        0.00123, 
        0.2511
      ], 
      "chi_0c": [
        0.0022, 
        2.47648
      ], 
      "chi_1c": [
        0.0005, 
        2.57239
      ], 
      "chi_2c": [
        0.0017, 
        2.61793
      ], 
      "eta_c": [
        0.0013, 
        2.0427299999999997
      ], 
      "n0": [
        1.0, 
        0.0012999999999999678
      ], 
      "psi(2S)": [
        0.0008, 
        2.74784
      ]
    }
  }, 
  "pbar-": {
    "p+": {
      "B0": [
        1e-07, 
        4.34131
      ], 
      "Bbar0": [
        1e-07, 
        4.34131
      ], 
      "chi_0c": [
        0.0022, 
        2.47648
      ], 
      "chi_1c": [
        0.0005, 
        2.57239
      ], 
      "chi_2c": [
        0.0017, 
        2.61793
      ], 
      "eta_c": [
        0.0013, 
        2.0427299999999997
      ], 
      "psi(2S)": [
        0.0008, 
        2.74784
      ]
    }
  }, 
  "phi": {
    "p+": {
      "Lambda_c+": [
        0.0013, 
        1.3481899999999998
      ]
    }
  }, 
  "pi+": {
    "n0": {
      "Delta+": [
        0.3314, 
        0.29242999999999997
      ], 
      "Lambda_c+": [
        0.003, 
        1.34689
      ], 
      "Sigma+": [
        0.48308, 
        0.24980000000000002
      ]
    }, 
    "p+": {
      "Delta++": [
        1.0, 
        0.29372999999999994
      ], 
      "chi_0c": [
        0.0022, 
        2.47648
      ], 
      "chi_1c": [
        0.0005, 
        2.57239
      ], 
      "chi_2c": [
        0.0017, 
        2.61793
      ], 
      "psi(2S)": [
        0.0008, 
        2.74784
      ]
    }
  }, 
  "pi-": {
    "n0": {
      "Delta-": [
        1.0, 
        0.29242999999999997
      ], 
      "Sigma-": [
        0.998476, 
        0.2578799999999999
      ]
    }, 
    "p+": {
      "Delta0": [
        0.3314, 
        0.29372999999999994
      ], 
      "Lambda0": [
        0.639161, 
        0.17740999999999996
      ], 
      "Lambda_b0": [
        4.8e-06, 
        4.68113
      ], 
      "Lambda_c+": [
        0.006, 
        1.3481899999999998
      ], 
      "chi_0c": [
        0.0022, 
        2.47648
      ], 
      "chi_1c": [
        0.0005, 
        2.57239
      ], 
      "chi_2c": [
        0.0017, 
        2.61793
      ], 
      "psi(2S)": [
        0.0008, 
        2.74784
      ]
    }
  }, 
  "pi0": {
    "n0": {
      "Delta0": [
        0.663, 
        0.29242999999999997
      ], 
      "Lambda0": [
        0.3581, 
        0.17611
      ], 
      "Lambda_c+": [
        0.006, 
        1.34689
      ]
    }, 
    "p+": {
      "Delta+": [
        0.663, 
        0.29372999999999994
      ], 
      "Lambda_c+": [
        0.002, 
        1.3481899999999998
      ], 
      "Sigma+": [
        0.51567, 
        0.2511
      ], 
      "psi(2S)": [
        0.00014, 
        2.74784
      ]
    }
  }, 
  "rho+": {
    "n0": {
      "Lambda_c+": [
        0.003, 
        1.34689
      ]
    }
  }, 
  "rho0": {
    "p+": {
      "Lambda_c+": [
        0.002, 
        1.3481899999999998
      ]
    }
  }
}