{
  "n0": {
    "D0": [
      [
        4.67983, 
        [
          0.0008, 
          [
            "Lambda_b0"
          ]
        ]
      ]
    ], 
    "Kbar0": [
      [
        0.7304299999999999, 
        [
          0.1, 
          [
            "Lambda(1670)0"
          ]
        ]
      ], 
      [
        0.6604300000000001, 
        [
          0.176, 
          [
            "Lambda(1600)0"
          ]
        ]
      ], 
      [
        0.5799300000000001, 
        [
          0.23, 
          [
            "Lambda(1520)0"
          ]
        ]
      ]
    ], 
    "gamma": [
      [
        0.29242999999999997, 
        [
          0.0056, 
          [
            "Delta0"
          ]
        ]
      ], 
      [
        0.17611, 
        [
          0.00175, 
          [
            "Lambda0"
          ]
        ]
      ]
    ], 
    "pi+": [
      [
        1.34689, 
        [
          0.003, 
          [
            "Lambda_c+"
          ]
        ]
      ], 
      [
        0.29242999999999997, 
        [
          0.3314, 
          [
            "Delta+"
          ]
        ]
      ], 
      [
        0.24980000000000002, 
        [
          0.48308, 
          [
            "Sigma+"
          ]
        ]
      ]
    ], 
    "pi-": [
      [
        0.2578799999999999, 
        [
          0.998476, 
          [
            "Sigma-"
          ]
        ]
      ], 
      [
        0.29242999999999997, 
        [
          1.0, 
          [
            "Delta-"
          ]
        ]
      ]
    ], 
    "pi0": [
      [
        0.29242999999999997, 
        [
          0.663, 
          [
            "Delta0"
          ]
        ]
      ], 
      [
        0.17611, 
        [
          0.3581, 
          [
            "Lambda0"
          ]
        ]
      ]
    ], 
    "rho+": [
      [
        1.34689, 
        [
          0.003, 
          [
            "Lambda_c+"
          ]
        ]
      ]
    ]
  }, 
  "p+": {
    "K*bar0": [
      [
        1.3481899999999998, 
        [
          0.04, 
          [
            "Lambda_c+"
          ]
        ]
      ]
    ], 
    "K-": [
      [
        0.7317299999999999, 
        [
          0.1, 
          [
            "Lambda(1670)0"
          ]
        ]
      ], 
      [
        0.66173, 
        [
          0.176, 
          [
            "Lambda(1600)0"
          ]
        ]
      ], 
      [
        4.68113, 
        [
          1.85e-05, 
          [
            "Lambda_b0"
          ]
        ]
      ], 
      [
        0.58123, 
        [
          0.23, 
          [
            "Lambda(1520)0"
          ]
        ]
      ]
    ], 
    "K0": [
      [
        1.3481899999999998, 
        [
          0.023, 
          [
            "Lambda_c+"
          ]
        ]
      ]
    ], 
    "eta": [
      [
        1.3481899999999998, 
        [
          0.001, 
          [
            "Lambda_c+"
          ]
        ]
      ]
    ], 
    "eta'": [
      [
        1.3481899999999998, 
        [
          0.001, 
          [
            "Lambda_c+"
          ]
        ]
      ]
    ], 
    "f_0(980)": [
      [
        1.3481899999999998, 
        [
          0.0018, 
          [
            "Lambda_c+"
          ]
        ]
      ]
    ], 
    "gamma": [
      [
        0.29372999999999994, 
        [
          0.0056, 
          [
            "Delta+"
          ]
        ]
      ], 
      [
        0.2511, 
        [
          0.00123, 
          [
            "Sigma+"
          ]
        ]
      ]
    ], 
    "omega": [
      [
        1.3481899999999998, 
        [
          0.002, 
          [
            "Lambda_c+"
          ]
        ]
      ]
    ], 
    "pbar-": [
      [
        2.47648, 
        [
          0.00022, 
          [
            "chi_0c"
          ]
        ]
      ], 
      [
        2.0427299999999997, 
        [
          0.0013, 
          [
            "eta_c"
          ]
        ]
      ], 
      [
        2.61793, 
        [
          6.8e-05, 
          [
            "chi_2c"
          ]
        ]
      ], 
      [
        4.34131, 
        [
          1e-07, 
          [
            "B0"
          ]
        ]
      ], 
      [
        2.74784, 
        [
          0.00021, 
          [
            "psi(2S)"
          ]
        ]
      ], 
      [
        4.34131, 
        [
          1e-07, 
          [
            "Bbar0"
          ]
        ]
      ], 
      [
        2.57239, 
        [
          7.2e-05, 
          [
            "chi_1c"
          ]
        ]
      ]
    ], 
    "phi": [
      [
        1.3481899999999998, 
        [
          0.0013, 
          [
            "Lambda_c+"
          ]
        ]
      ]
    ], 
    "pi+": [
      [
        0.29372999999999994, 
        [
          1.0, 
          [
            "Delta++"
          ]
        ]
      ]
    ], 
    "pi-": [
      [
        0.29372999999999994, 
        [
          0.3314, 
          [
            "Delta0"
          ]
        ]
      ], 
      [
        4.68113, 
        [
          4.8e-06, 
          [
            "Lambda_b0"
          ]
        ]
      ], 
      [
        0.17740999999999996, 
        [
          0.639161, 
          [
            "Lambda0"
          ]
        ]
      ]
    ], 
    "pi0": [
      [
        1.3481899999999998, 
        [
          0.002, 
          [
            "Lambda_c+"
          ]
        ]
      ], 
      [
        0.29372999999999994, 
        [
          0.663, 
          [
            "Delta+"
          ]
        ]
      ], 
      [
        0.2511, 
        [
          0.51567, 
          [
            "Sigma+"
          ]
        ]
      ]
    ], 
    "rho0": [
      [
        1.3481899999999998, 
        [
          0.002, 
          [
            "Lambda_c+"
          ]
        ]
      ]
    ]
  }
}